,Id,Predicted_sale_Price
0,1461,180921.2153231506
1,1462,180921.2153231506
2,1463,180921.2153231506
3,1464,180921.2153231506
4,1465,180921.2153231506
5,1466,180921.2153231506
6,1467,180921.2153231506
7,1468,180921.2153231506
8,1469,180921.2153231506
9,1470,180921.2153231506
10,1471,180921.2153231506
11,1472,180921.2153231506
12,1473,180921.2153231506
13,1474,180921.2153231506
14,1475,180921.2153231506
15,1476,180921.2153231506
16,1477,180921.2153231506
17,1478,180921.2153231506
18,1479,180921.2153231506
19,1480,180921.2153231506
20,1481,180921.2153231506
21,1482,180921.2153231506
22,1483,180921.2153231506
23,1484,180921.2153231506
24,1485,180921.2153231506
25,1486,180921.2153231506
26,1487,180921.2153231506
27,1488,180921.2153231506
28,1489,180921.2153231506
29,1490,180921.2153231506
30,1491,180921.2153231506
31,1492,180921.2153231506
32,1493,180921.2153231506
33,1494,180921.2153231506
34,1495,180921.2153231506
35,1496,180921.2153231506
36,1497,180921.2153231506
37,1498,180921.2153231506
38,1499,180921.2153231506
39,1500,180921.2153231506
40,1501,180921.2153231506
41,1502,180921.2153231506
42,1503,180921.2153231506
43,1504,180921.2153231506
44,1505,180921.2153231506
45,1506,180921.2153231506
46,1507,180921.2153231506
47,1508,180921.2153231506
48,1509,180921.2153231506
49,1510,180921.2153231506
50,1511,180921.2153231506
51,1512,180921.2153231506
52,1513,180921.2153231506
53,1514,180921.2153231506
54,1515,180921.2153231506
55,1516,180921.2153231506
56,1517,180921.2153231506
57,1518,180921.2153231506
58,1519,180921.2153231506
59,1520,180921.2153231506
60,1521,180921.2153231506
61,1522,180921.2153231506
62,1523,180921.2153231506
63,1524,180921.2153231506
64,1525,180921.2153231506
65,1526,180921.2153231506
66,1527,180921.2153231506
67,1528,180921.2153231506
68,1529,180921.2153231506
69,1530,180921.2153231506
70,1531,180921.2153231506
71,1532,180921.2153231506
72,1533,180921.2153231506
73,1534,180921.2153231506
74,1535,180921.2153231506
75,1536,180921.2153231506
76,1537,180921.2153231506
77,1538,180921.2153231506
78,1539,180921.2153231506
79,1540,180921.2153231506
80,1541,180921.2153231506
81,1542,180921.2153231506
82,1543,180921.2153231506
83,1544,180921.2153231506
84,1545,180921.2153231506
85,1546,180921.2153231506
86,1547,180921.2153231506
87,1548,180921.2153231506
88,1549,180921.2153231506
89,1550,180921.2153231506
90,1551,180921.2153231506
91,1552,180921.2153231506
92,1553,180921.2153231506
93,1554,180921.2153231506
94,1555,180921.2153231506
95,1556,180921.2153231506
96,1557,180921.2153231506
97,1558,180921.2153231506
98,1559,180921.2153231506
99,1560,180921.2153231506
100,1561,180921.2153231506
101,1562,180921.2153231506
102,1563,180921.2153231506
103,1564,180921.2153231506
104,1565,180921.2153231506
105,1566,180921.2153231506
106,1567,180921.2153231506
107,1568,180921.2153231506
108,1569,180921.2153231506
109,1570,180921.2153231506
110,1571,180921.2153231506
111,1572,180921.2153231506
112,1573,180921.2153231506
113,1574,180921.2153231506
114,1575,180921.2153231506
115,1576,180921.2153231506
116,1577,180921.2153231506
117,1578,180921.2153231506
118,1579,180921.2153231506
119,1580,180921.2153231506
120,1581,180921.2153231506
121,1582,180921.2153231506
122,1583,180921.2153231506
123,1584,180921.2153231506
124,1585,180921.2153231506
125,1586,180921.2153231506
126,1587,180921.2153231506
127,1588,180921.2153231506
128,1589,180921.2153231506
129,1590,180921.2153231506
130,1591,180921.2153231506
131,1592,180921.2153231506
132,1593,180921.2153231506
133,1594,180921.2153231506
134,1595,180921.2153231506
135,1596,180921.2153231506
136,1597,180921.2153231506
137,1598,180921.2153231506
138,1599,180921.2153231506
139,1600,180921.2153231506
140,1601,180921.2153231506
141,1602,180921.2153231506
142,1603,180921.2153231506
143,1604,180921.2153231506
144,1605,180921.2153231506
145,1606,180921.2153231506
146,1607,180921.2153231506
147,1608,180921.2153231506
148,1609,180921.2153231506
149,1610,180921.2153231506
150,1611,180921.2153231506
151,1612,180921.2153231506
152,1613,180921.2153231506
153,1614,180921.2153231506
154,1615,180921.2153231506
155,1616,180921.2153231506
156,1617,180921.2153231506
157,1618,180921.2153231506
158,1619,180921.2153231506
159,1620,180921.2153231506
160,1621,180921.2153231506
161,1622,180921.2153231506
162,1623,180921.2153231506
163,1624,180921.2153231506
164,1625,180921.2153231506
165,1626,180921.2153231506
166,1627,180921.2153231506
167,1628,180921.2153231506
168,1629,180921.2153231506
169,1630,180921.2153231506
170,1631,180921.2153231506
171,1632,180921.2153231506
172,1633,180921.2153231506
173,1634,180921.2153231506
174,1635,180921.2153231506
175,1636,180921.2153231506
176,1637,180921.2153231506
177,1638,180921.2153231506
178,1639,180921.2153231506
179,1640,180921.2153231506
180,1641,180921.2153231506
181,1642,180921.2153231506
182,1643,180921.2153231506
183,1644,180921.2153231506
184,1645,180921.2153231506
185,1646,180921.2153231506
186,1647,180921.2153231506
187,1648,180921.2153231506
188,1649,180921.2153231506
189,1650,180921.2153231506
190,1651,180921.2153231506
191,1652,180921.2153231506
192,1653,180921.2153231506
193,1654,180921.2153231506
194,1655,180921.2153231506
195,1656,180921.2153231506
196,1657,180921.2153231506
197,1658,180921.2153231506
198,1659,180921.2153231506
199,1660,180921.2153231506
200,1661,180921.2153231506
201,1662,180921.2153231506
202,1663,180921.2153231506
203,1664,180921.2153231506
204,1665,180921.2153231506
205,1666,180921.2153231506
206,1667,180921.2153231506
207,1668,180921.2153231506
208,1669,180921.2153231506
209,1670,180921.2153231506
210,1671,180921.2153231506
211,1672,180921.2153231506
212,1673,180921.2153231506
213,1674,180921.2153231506
214,1675,180921.2153231506
215,1676,180921.2153231506
216,1677,180921.2153231506
217,1678,180921.2153231506
218,1679,180921.2153231506
219,1680,180921.2153231506
220,1681,180921.2153231506
221,1682,180921.2153231506
222,1683,180921.2153231506
223,1684,180921.2153231506
224,1685,180921.2153231506
225,1686,180921.2153231506
226,1687,180921.2153231506
227,1688,180921.2153231506
228,1689,180921.2153231506
229,1690,180921.2153231506
230,1691,180921.2153231506
231,1692,180921.2153231506
232,1693,180921.2153231506
233,1694,180921.2153231506
234,1695,180921.2153231506
235,1696,180921.2153231506
236,1697,180921.2153231506
237,1698,180921.2153231506
238,1699,180921.2153231506
239,1700,180921.2153231506
240,1701,180921.2153231506
241,1702,180921.2153231506
242,1703,180921.2153231506
243,1704,180921.2153231506
244,1705,180921.2153231506
245,1706,180921.2153231506
246,1707,180921.2153231506
247,1708,180921.2153231506
248,1709,180921.2153231506
249,1710,180921.2153231506
250,1711,180921.2153231506
251,1712,180921.2153231506
252,1713,180921.2153231506
253,1714,180921.2153231506
254,1715,180921.2153231506
255,1716,180921.2153231506
256,1717,180921.2153231506
257,1718,180921.2153231506
258,1719,180921.2153231506
259,1720,180921.2153231506
260,1721,180921.2153231506
261,1722,180921.2153231506
262,1723,180921.2153231506
263,1724,180921.2153231506
264,1725,180921.2153231506
265,1726,180921.2153231506
266,1727,180921.2153231506
267,1728,180921.2153231506
268,1729,180921.2153231506
269,1730,180921.2153231506
270,1731,180921.2153231506
271,1732,180921.2153231506
272,1733,180921.2153231506
273,1734,180921.2153231506
274,1735,180921.2153231506
275,1736,180921.2153231506
276,1737,180921.2153231506
277,1738,180921.2153231506
278,1739,180921.2153231506
279,1740,180921.2153231506
280,1741,180921.2153231506
281,1742,180921.2153231506
282,1743,180921.2153231506
283,1744,180921.2153231506
284,1745,180921.2153231506
285,1746,180921.2153231506
286,1747,180921.2153231506
287,1748,180921.2153231506
288,1749,180921.2153231506
289,1750,180921.2153231506
290,1751,180921.2153231506
291,1752,180921.2153231506
292,1753,180921.2153231506
293,1754,180921.2153231506
294,1755,180921.2153231506
295,1756,180921.2153231506
296,1757,180921.2153231506
297,1758,180921.2153231506
298,1759,180921.2153231506
299,1760,180921.2153231506
300,1761,180921.2153231506
301,1762,180921.2153231506
302,1763,180921.2153231506
303,1764,180921.2153231506
304,1765,180921.2153231506
305,1766,180921.2153231506
306,1767,180921.2153231506
307,1768,180921.2153231506
308,1769,180921.2153231506
309,1770,180921.2153231506
310,1771,180921.2153231506
311,1772,180921.2153231506
312,1773,180921.2153231506
313,1774,180921.2153231506
314,1775,180921.2153231506
315,1776,180921.2153231506
316,1777,180921.2153231506
317,1778,180921.2153231506
318,1779,180921.2153231506
319,1780,180921.2153231506
320,1781,180921.2153231506
321,1782,180921.2153231506
322,1783,180921.2153231506
323,1784,180921.2153231506
324,1785,180921.2153231506
325,1786,180921.2153231506
326,1787,180921.2153231506
327,1788,180921.2153231506
328,1789,180921.2153231506
329,1790,180921.2153231506
330,1791,180921.2153231506
331,1792,180921.2153231506
332,1793,180921.2153231506
333,1794,180921.2153231506
334,1795,180921.2153231506
335,1796,180921.2153231506
336,1797,180921.2153231506
337,1798,180921.2153231506
338,1799,180921.2153231506
339,1800,180921.2153231506
340,1801,180921.2153231506
341,1802,180921.2153231506
342,1803,180921.2153231506
343,1804,180921.2153231506
344,1805,180921.2153231506
345,1806,180921.2153231506
346,1807,180921.2153231506
347,1808,180921.2153231506
348,1809,180921.2153231506
349,1810,180921.2153231506
350,1811,180921.2153231506
351,1812,180921.2153231506
352,1813,180921.2153231506
353,1814,180921.2153231506
354,1815,180921.2153231506
355,1816,180921.2153231506
356,1817,180921.2153231506
357,1818,180921.2153231506
358,1819,180921.2153231506
359,1820,180921.2153231506
360,1821,180921.2153231506
361,1822,180921.2153231506
362,1823,180921.2153231506
363,1824,180921.2153231506
364,1825,180921.2153231506
365,1826,180921.2153231506
366,1827,180921.2153231506
367,1828,180921.2153231506
368,1829,180921.2153231506
369,1830,180921.2153231506
370,1831,180921.2153231506
371,1832,180921.2153231506
372,1833,180921.2153231506
373,1834,180921.2153231506
374,1835,180921.2153231506
375,1836,180921.2153231506
376,1837,180921.2153231506
377,1838,180921.2153231506
378,1839,180921.2153231506
379,1840,180921.2153231506
380,1841,180921.2153231506
381,1842,180921.2153231506
382,1843,180921.2153231506
383,1844,180921.2153231506
384,1845,180921.2153231506
385,1846,180921.2153231506
386,1847,180921.2153231506
387,1848,180921.2153231506
388,1849,180921.2153231506
389,1850,180921.2153231506
390,1851,180921.2153231506
391,1852,180921.2153231506
392,1853,180921.2153231506
393,1854,180921.2153231506
394,1855,180921.2153231506
395,1856,180921.2153231506
396,1857,180921.2153231506
397,1858,180921.2153231506
398,1859,180921.2153231506
399,1860,180921.2153231506
400,1861,180921.2153231506
401,1862,180921.2153231506
402,1863,180921.2153231506
403,1864,180921.2153231506
404,1865,180921.2153231506
405,1866,180921.2153231506
406,1867,180921.2153231506
407,1868,180921.2153231506
408,1869,180921.2153231506
409,1870,180921.2153231506
410,1871,180921.2153231506
411,1872,180921.2153231506
412,1873,180921.2153231506
413,1874,180921.2153231506
414,1875,180921.2153231506
415,1876,180921.2153231506
416,1877,180921.2153231506
417,1878,180921.2153231506
418,1879,180921.2153231506
419,1880,180921.2153231506
420,1881,180921.2153231506
421,1882,180921.2153231506
422,1883,180921.2153231506
423,1884,180921.2153231506
424,1885,180921.2153231506
425,1886,180921.2153231506
426,1887,180921.2153231506
427,1888,180921.2153231506
428,1889,180921.2153231506
429,1890,180921.2153231506
430,1891,180921.2153231506
431,1892,180921.2153231506
432,1893,180921.2153231506
433,1894,180921.2153231506
434,1895,180921.2153231506
435,1896,180921.2153231506
436,1897,180921.2153231506
437,1898,180921.2153231506
438,1899,180921.2153231506
439,1900,180921.2153231506
440,1901,180921.2153231506
441,1902,180921.2153231506
442,1903,180921.2153231506
443,1904,180921.2153231506
444,1905,180921.2153231506
445,1906,180921.2153231506
446,1907,180921.2153231506
447,1908,180921.2153231506
448,1909,180921.2153231506
449,1910,180921.2153231506
450,1911,180921.2153231506
451,1912,180921.2153231506
452,1913,180921.2153231506
453,1914,180921.2153231506
454,1915,180921.2153231506
455,1916,180921.2153231506
456,1917,180921.2153231506
457,1918,180921.2153231506
458,1919,180921.2153231506
459,1920,180921.2153231506
460,1921,180921.2153231506
461,1922,180921.2153231506
462,1923,180921.2153231506
463,1924,180921.2153231506
464,1925,180921.2153231506
465,1926,180921.2153231506
466,1927,180921.2153231506
467,1928,180921.2153231506
468,1929,180921.2153231506
469,1930,180921.2153231506
470,1931,180921.2153231506
471,1932,180921.2153231506
472,1933,180921.2153231506
473,1934,180921.2153231506
474,1935,180921.2153231506
475,1936,180921.2153231506
476,1937,180921.2153231506
477,1938,180921.2153231506
478,1939,180921.2153231506
479,1940,180921.2153231506
480,1941,180921.2153231506
481,1942,180921.2153231506
482,1943,180921.2153231506
483,1944,180921.2153231506
484,1945,180921.2153231506
485,1946,180921.2153231506
486,1947,180921.2153231506
487,1948,180921.2153231506
488,1949,180921.2153231506
489,1950,180921.2153231506
490,1951,180921.2153231506
491,1952,180921.2153231506
492,1953,180921.2153231506
493,1954,180921.2153231506
494,1955,180921.2153231506
495,1956,180921.2153231506
496,1957,180921.2153231506
497,1958,180921.2153231506
498,1959,180921.2153231506
499,1960,180921.2153231506
500,1961,180921.2153231506
501,1962,180921.2153231506
502,1963,180921.2153231506
503,1964,180921.2153231506
504,1965,180921.2153231506
505,1966,180921.2153231506
506,1967,180921.2153231506
507,1968,180921.2153231506
508,1969,180921.2153231506
509,1970,180921.2153231506
510,1971,180921.2153231506
511,1972,180921.2153231506
512,1973,180921.2153231506
513,1974,180921.2153231506
514,1975,180921.2153231506
515,1976,180921.2153231506
516,1977,180921.2153231506
517,1978,180921.2153231506
518,1979,180921.2153231506
519,1980,180921.2153231506
520,1981,180921.2153231506
521,1982,180921.2153231506
522,1983,180921.2153231506
523,1984,180921.2153231506
524,1985,180921.2153231506
525,1986,180921.2153231506
526,1987,180921.2153231506
527,1988,180921.2153231506
528,1989,180921.2153231506
529,1990,180921.2153231506
530,1991,180921.2153231506
531,1992,180921.2153231506
532,1993,180921.2153231506
533,1994,180921.2153231506
534,1995,180921.2153231506
535,1996,180921.2153231506
536,1997,180921.2153231506
537,1998,180921.2153231506
538,1999,180921.2153231506
539,2000,180921.2153231506
540,2001,180921.2153231506
541,2002,180921.2153231506
542,2003,180921.2153231506
543,2004,180921.2153231506
544,2005,180921.2153231506
545,2006,180921.2153231506
546,2007,180921.2153231506
547,2008,180921.2153231506
548,2009,180921.2153231506
549,2010,180921.2153231506
550,2011,180921.2153231506
551,2012,180921.2153231506
552,2013,180921.2153231506
553,2014,180921.2153231506
554,2015,180921.2153231506
555,2016,180921.2153231506
556,2017,180921.2153231506
557,2018,180921.2153231506
558,2019,180921.2153231506
559,2020,180921.2153231506
560,2021,180921.2153231506
561,2022,180921.2153231506
562,2023,180921.2153231506
563,2024,180921.2153231506
564,2025,180921.2153231506
565,2026,180921.2153231506
566,2027,180921.2153231506
567,2028,180921.2153231506
568,2029,180921.2153231506
569,2030,180921.2153231506
570,2031,180921.2153231506
571,2032,180921.2153231506
572,2033,180921.2153231506
573,2034,180921.2153231506
574,2035,180921.2153231506
575,2036,180921.2153231506
576,2037,180921.2153231506
577,2038,180921.2153231506
578,2039,180921.2153231506
579,2040,180921.2153231506
580,2041,180921.2153231506
581,2042,180921.2153231506
582,2043,180921.2153231506
583,2044,180921.2153231506
584,2045,180921.2153231506
585,2046,180921.2153231506
586,2047,180921.2153231506
587,2048,180921.2153231506
588,2049,180921.2153231506
589,2050,180921.2153231506
590,2051,180921.2153231506
591,2052,180921.2153231506
592,2053,180921.2153231506
593,2054,180921.2153231506
594,2055,180921.2153231506
595,2056,180921.2153231506
596,2057,180921.2153231506
597,2058,180921.2153231506
598,2059,180921.2153231506
599,2060,180921.2153231506
600,2061,180921.2153231506
601,2062,180921.2153231506
602,2063,180921.2153231506
603,2064,180921.2153231506
604,2065,180921.2153231506
605,2066,180921.2153231506
606,2067,180921.2153231506
607,2068,180921.2153231506
608,2069,180921.2153231506
609,2070,180921.2153231506
610,2071,180921.2153231506
611,2072,180921.2153231506
612,2073,180921.2153231506
613,2074,180921.2153231506
614,2075,180921.2153231506
615,2076,180921.2153231506
616,2077,180921.2153231506
617,2078,180921.2153231506
618,2079,180921.2153231506
619,2080,180921.2153231506
620,2081,180921.2153231506
621,2082,180921.2153231506
622,2083,180921.2153231506
623,2084,180921.2153231506
624,2085,180921.2153231506
625,2086,180921.2153231506
626,2087,180921.2153231506
627,2088,180921.2153231506
628,2089,180921.2153231506
629,2090,180921.2153231506
630,2091,180921.2153231506
631,2092,180921.2153231506
632,2093,180921.2153231506
633,2094,180921.2153231506
634,2095,180921.2153231506
635,2096,180921.2153231506
636,2097,180921.2153231506
637,2098,180921.2153231506
638,2099,180921.2153231506
639,2100,180921.2153231506
640,2101,180921.2153231506
641,2102,180921.2153231506
642,2103,180921.2153231506
643,2104,180921.2153231506
644,2105,180921.2153231506
645,2106,180921.2153231506
646,2107,180921.2153231506
647,2108,180921.2153231506
648,2109,180921.2153231506
649,2110,180921.2153231506
650,2111,180921.2153231506
651,2112,180921.2153231506
652,2113,180921.2153231506
653,2114,180921.2153231506
654,2115,180921.2153231506
655,2116,180921.2153231506
656,2117,180921.2153231506
657,2118,180921.2153231506
658,2119,180921.2153231506
659,2120,180921.2153231506
660,2121,180921.2153231506
661,2122,180921.2153231506
662,2123,180921.2153231506
663,2124,180921.2153231506
664,2125,180921.2153231506
665,2126,180921.2153231506
666,2127,180921.2153231506
667,2128,180921.2153231506
668,2129,180921.2153231506
669,2130,180921.2153231506
670,2131,180921.2153231506
671,2132,180921.2153231506
672,2133,180921.2153231506
673,2134,180921.2153231506
674,2135,180921.2153231506
675,2136,180921.2153231506
676,2137,180921.2153231506
677,2138,180921.2153231506
678,2139,180921.2153231506
679,2140,180921.2153231506
680,2141,180921.2153231506
681,2142,180921.2153231506
682,2143,180921.2153231506
683,2144,180921.2153231506
684,2145,180921.2153231506
685,2146,180921.2153231506
686,2147,180921.2153231506
687,2148,180921.2153231506
688,2149,180921.2153231506
689,2150,180921.2153231506
690,2151,180921.2153231506
691,2152,180921.2153231506
692,2153,180921.2153231506
693,2154,180921.2153231506
694,2155,180921.2153231506
695,2156,180921.2153231506
696,2157,180921.2153231506
697,2158,180921.2153231506
698,2159,180921.2153231506
699,2160,180921.2153231506
700,2161,180921.2153231506
701,2162,180921.2153231506
702,2163,180921.2153231506
703,2164,180921.2153231506
704,2165,180921.2153231506
705,2166,180921.2153231506
706,2167,180921.2153231506
707,2168,180921.2153231506
708,2169,180921.2153231506
709,2170,180921.2153231506
710,2171,180921.2153231506
711,2172,180921.2153231506
712,2173,180921.2153231506
713,2174,180921.2153231506
714,2175,180921.2153231506
715,2176,180921.2153231506
716,2177,180921.2153231506
717,2178,180921.2153231506
718,2179,180921.2153231506
719,2180,180921.2153231506
720,2181,180921.2153231506
721,2182,180921.2153231506
722,2183,180921.2153231506
723,2184,180921.2153231506
724,2185,180921.2153231506
725,2186,180921.2153231506
726,2187,180921.2153231506
727,2188,180921.2153231506
728,2189,180921.2153231506
729,2190,180921.2153231506
730,2191,180921.2153231506
731,2192,180921.2153231506
732,2193,180921.2153231506
733,2194,180921.2153231506
734,2195,180921.2153231506
735,2196,180921.2153231506
736,2197,180921.2153231506
737,2198,180921.2153231506
738,2199,180921.2153231506
739,2200,180921.2153231506
740,2201,180921.2153231506
741,2202,180921.2153231506
742,2203,180921.2153231506
743,2204,180921.2153231506
744,2205,180921.2153231506
745,2206,180921.2153231506
746,2207,180921.2153231506
747,2208,180921.2153231506
748,2209,180921.2153231506
749,2210,180921.2153231506
750,2211,180921.2153231506
751,2212,180921.2153231506
752,2213,180921.2153231506
753,2214,180921.2153231506
754,2215,180921.2153231506
755,2216,180921.2153231506
756,2217,180921.2153231506
757,2218,180921.2153231506
758,2219,180921.2153231506
759,2220,180921.2153231506
760,2221,180921.2153231506
761,2222,180921.2153231506
762,2223,180921.2153231506
763,2224,180921.2153231506
764,2225,180921.2153231506
765,2226,180921.2153231506
766,2227,180921.2153231506
767,2228,180921.2153231506
768,2229,180921.2153231506
769,2230,180921.2153231506
770,2231,180921.2153231506
771,2232,180921.2153231506
772,2233,180921.2153231506
773,2234,180921.2153231506
774,2235,180921.2153231506
775,2236,180921.2153231506
776,2237,180921.2153231506
777,2238,180921.2153231506
778,2239,180921.2153231506
779,2240,180921.2153231506
780,2241,180921.2153231506
781,2242,180921.2153231506
782,2243,180921.2153231506
783,2244,180921.2153231506
784,2245,180921.2153231506
785,2246,180921.2153231506
786,2247,180921.2153231506
787,2248,180921.2153231506
788,2249,180921.2153231506
789,2250,180921.2153231506
790,2251,180921.2153231506
791,2252,180921.2153231506
792,2253,180921.2153231506
793,2254,180921.2153231506
794,2255,180921.2153231506
795,2256,180921.2153231506
796,2257,180921.2153231506
797,2258,180921.2153231506
798,2259,180921.2153231506
799,2260,180921.2153231506
800,2261,180921.2153231506
801,2262,180921.2153231506
802,2263,180921.2153231506
803,2264,180921.2153231506
804,2265,180921.2153231506
805,2266,180921.2153231506
806,2267,180921.2153231506
807,2268,180921.2153231506
808,2269,180921.2153231506
809,2270,180921.2153231506
810,2271,180921.2153231506
811,2272,180921.2153231506
812,2273,180921.2153231506
813,2274,180921.2153231506
814,2275,180921.2153231506
815,2276,180921.2153231506
816,2277,180921.2153231506
817,2278,180921.2153231506
818,2279,180921.2153231506
819,2280,180921.2153231506
820,2281,180921.2153231506
821,2282,180921.2153231506
822,2283,180921.2153231506
823,2284,180921.2153231506
824,2285,180921.2153231506
825,2286,180921.2153231506
826,2287,180921.2153231506
827,2288,180921.2153231506
828,2289,180921.2153231506
829,2290,180921.2153231506
830,2291,180921.2153231506
831,2292,180921.2153231506
832,2293,180921.2153231506
833,2294,180921.2153231506
834,2295,180921.2153231506
835,2296,180921.2153231506
836,2297,180921.2153231506
837,2298,180921.2153231506
838,2299,180921.2153231506
839,2300,180921.2153231506
840,2301,180921.2153231506
841,2302,180921.2153231506
842,2303,180921.2153231506
843,2304,180921.2153231506
844,2305,180921.2153231506
845,2306,180921.2153231506
846,2307,180921.2153231506
847,2308,180921.2153231506
848,2309,180921.2153231506
849,2310,180921.2153231506
850,2311,180921.2153231506
851,2312,180921.2153231506
852,2313,180921.2153231506
853,2314,180921.2153231506
854,2315,180921.2153231506
855,2316,180921.2153231506
856,2317,180921.2153231506
857,2318,180921.2153231506
858,2319,180921.2153231506
859,2320,180921.2153231506
860,2321,180921.2153231506
861,2322,180921.2153231506
862,2323,180921.2153231506
863,2324,180921.2153231506
864,2325,180921.2153231506
865,2326,180921.2153231506
866,2327,180921.2153231506
867,2328,180921.2153231506
868,2329,180921.2153231506
869,2330,180921.2153231506
870,2331,180921.2153231506
871,2332,180921.2153231506
872,2333,180921.2153231506
873,2334,180921.2153231506
874,2335,180921.2153231506
875,2336,180921.2153231506
876,2337,180921.2153231506
877,2338,180921.2153231506
878,2339,180921.2153231506
879,2340,180921.2153231506
880,2341,180921.2153231506
881,2342,180921.2153231506
882,2343,180921.2153231506
883,2344,180921.2153231506
884,2345,180921.2153231506
885,2346,180921.2153231506
886,2347,180921.2153231506
887,2348,180921.2153231506
888,2349,180921.2153231506
889,2350,180921.2153231506
890,2351,180921.2153231506
891,2352,180921.2153231506
892,2353,180921.2153231506
893,2354,180921.2153231506
894,2355,180921.2153231506
895,2356,180921.2153231506
896,2357,180921.2153231506
897,2358,180921.2153231506
898,2359,180921.2153231506
899,2360,180921.2153231506
900,2361,180921.2153231506
901,2362,180921.2153231506
902,2363,180921.2153231506
903,2364,180921.2153231506
904,2365,180921.2153231506
905,2366,180921.2153231506
906,2367,180921.2153231506
907,2368,180921.2153231506
908,2369,180921.2153231506
909,2370,180921.2153231506
910,2371,180921.2153231506
911,2372,180921.2153231506
912,2373,180921.2153231506
913,2374,180921.2153231506
914,2375,180921.2153231506
915,2376,180921.2153231506
916,2377,180921.2153231506
917,2378,180921.2153231506
918,2379,180921.2153231506
919,2380,180921.2153231506
920,2381,180921.2153231506
921,2382,180921.2153231506
922,2383,180921.2153231506
923,2384,180921.2153231506
924,2385,180921.2153231506
925,2386,180921.2153231506
926,2387,180921.2153231506
927,2388,180921.2153231506
928,2389,180921.2153231506
929,2390,180921.2153231506
930,2391,180921.2153231506
931,2392,180921.2153231506
932,2393,180921.2153231506
933,2394,180921.2153231506
934,2395,180921.2153231506
935,2396,180921.2153231506
936,2397,180921.2153231506
937,2398,180921.2153231506
938,2399,180921.2153231506
939,2400,180921.2153231506
940,2401,180921.2153231506
941,2402,180921.2153231506
942,2403,180921.2153231506
943,2404,180921.2153231506
944,2405,180921.2153231506
945,2406,180921.2153231506
946,2407,180921.2153231506
947,2408,180921.2153231506
948,2409,180921.2153231506
949,2410,180921.2153231506
950,2411,180921.2153231506
951,2412,180921.2153231506
952,2413,180921.2153231506
953,2414,180921.2153231506
954,2415,180921.2153231506
955,2416,180921.2153231506
956,2417,180921.2153231506
957,2418,180921.2153231506
958,2419,180921.2153231506
959,2420,180921.2153231506
960,2421,180921.2153231506
961,2422,180921.2153231506
962,2423,180921.2153231506
963,2424,180921.2153231506
964,2425,180921.2153231506
965,2426,180921.2153231506
966,2427,180921.2153231506
967,2428,180921.2153231506
968,2429,180921.2153231506
969,2430,180921.2153231506
970,2431,180921.2153231506
971,2432,180921.2153231506
972,2433,180921.2153231506
973,2434,180921.2153231506
974,2435,180921.2153231506
975,2436,180921.2153231506
976,2437,180921.2153231506
977,2438,180921.2153231506
978,2439,180921.2153231506
979,2440,180921.2153231506
980,2441,180921.2153231506
981,2442,180921.2153231506
982,2443,180921.2153231506
983,2444,180921.2153231506
984,2445,180921.2153231506
985,2446,180921.2153231506
986,2447,180921.2153231506
987,2448,180921.2153231506
988,2449,180921.2153231506
989,2450,180921.2153231506
990,2451,180921.2153231506
991,2452,180921.2153231506
992,2453,180921.2153231506
993,2454,180921.2153231506
994,2455,180921.2153231506
995,2456,180921.2153231506
996,2457,180921.2153231506
997,2458,180921.2153231506
998,2459,180921.2153231506
999,2460,180921.2153231506
1000,2461,180921.2153231506
1001,2462,180921.2153231506
1002,2463,180921.2153231506
1003,2464,180921.2153231506
1004,2465,180921.2153231506
1005,2466,180921.2153231506
1006,2467,180921.2153231506
1007,2468,180921.2153231506
1008,2469,180921.2153231506
1009,2470,180921.2153231506
1010,2471,180921.2153231506
1011,2472,180921.2153231506
1012,2473,180921.2153231506
1013,2474,180921.2153231506
1014,2475,180921.2153231506
1015,2476,180921.2153231506
1016,2477,180921.2153231506
1017,2478,180921.2153231506
1018,2479,180921.2153231506
1019,2480,180921.2153231506
1020,2481,180921.2153231506
1021,2482,180921.2153231506
1022,2483,180921.2153231506
1023,2484,180921.2153231506
1024,2485,180921.2153231506
1025,2486,180921.2153231506
1026,2487,180921.2153231506
1027,2488,180921.2153231506
1028,2489,180921.2153231506
1029,2490,180921.2153231506
1030,2491,180921.2153231506
1031,2492,180921.2153231506
1032,2493,180921.2153231506
1033,2494,180921.2153231506
1034,2495,180921.2153231506
1035,2496,180921.2153231506
1036,2497,180921.2153231506
1037,2498,180921.2153231506
1038,2499,180921.2153231506
1039,2500,180921.2153231506
1040,2501,180921.2153231506
1041,2502,180921.2153231506
1042,2503,180921.2153231506
1043,2504,180921.2153231506
1044,2505,180921.2153231506
1045,2506,180921.2153231506
1046,2507,180921.2153231506
1047,2508,180921.2153231506
1048,2509,180921.2153231506
1049,2510,180921.2153231506
1050,2511,180921.2153231506
1051,2512,180921.2153231506
1052,2513,180921.2153231506
1053,2514,180921.2153231506
1054,2515,180921.2153231506
1055,2516,180921.2153231506
1056,2517,180921.2153231506
1057,2518,180921.2153231506
1058,2519,180921.2153231506
1059,2520,180921.2153231506
1060,2521,180921.2153231506
1061,2522,180921.2153231506
1062,2523,180921.2153231506
1063,2524,180921.2153231506
1064,2525,180921.2153231506
1065,2526,180921.2153231506
1066,2527,180921.2153231506
1067,2528,180921.2153231506
1068,2529,180921.2153231506
1069,2530,180921.2153231506
1070,2531,180921.2153231506
1071,2532,180921.2153231506
1072,2533,180921.2153231506
1073,2534,180921.2153231506
1074,2535,180921.2153231506
1075,2536,180921.2153231506
1076,2537,180921.2153231506
1077,2538,180921.2153231506
1078,2539,180921.2153231506
1079,2540,180921.2153231506
1080,2541,180921.2153231506
1081,2542,180921.2153231506
1082,2543,180921.2153231506
1083,2544,180921.2153231506
1084,2545,180921.2153231506
1085,2546,180921.2153231506
1086,2547,180921.2153231506
1087,2548,180921.2153231506
1088,2549,180921.2153231506
1089,2550,180921.2153231506
1090,2551,180921.2153231506
1091,2552,180921.2153231506
1092,2553,180921.2153231506
1093,2554,180921.2153231506
1094,2555,180921.2153231506
1095,2556,180921.2153231506
1096,2557,180921.2153231506
1097,2558,180921.2153231506
1098,2559,180921.2153231506
1099,2560,180921.2153231506
1100,2561,180921.2153231506
1101,2562,180921.2153231506
1102,2563,180921.2153231506
1103,2564,180921.2153231506
1104,2565,180921.2153231506
1105,2566,180921.2153231506
1106,2567,180921.2153231506
1107,2568,180921.2153231506
1108,2569,180921.2153231506
1109,2570,180921.2153231506
1110,2571,180921.2153231506
1111,2572,180921.2153231506
1112,2573,180921.2153231506
1113,2574,180921.2153231506
1114,2575,180921.2153231506
1115,2576,180921.2153231506
1116,2577,180921.2153231506
1117,2578,180921.2153231506
1118,2579,180921.2153231506
1119,2580,180921.2153231506
1120,2581,180921.2153231506
1121,2582,180921.2153231506
1122,2583,180921.2153231506
1123,2584,180921.2153231506
1124,2585,180921.2153231506
1125,2586,180921.2153231506
1126,2587,180921.2153231506
1127,2588,180921.2153231506
1128,2589,180921.2153231506
1129,2590,180921.2153231506
1130,2591,180921.2153231506
1131,2592,180921.2153231506
1132,2593,180921.2153231506
1133,2594,180921.2153231506
1134,2595,180921.2153231506
1135,2596,180921.2153231506
1136,2597,180921.2153231506
1137,2598,180921.2153231506
1138,2599,180921.2153231506
1139,2600,180921.2153231506
1140,2601,180921.2153231506
1141,2602,180921.2153231506
1142,2603,180921.2153231506
1143,2604,180921.2153231506
1144,2605,180921.2153231506
1145,2606,180921.2153231506
1146,2607,180921.2153231506
1147,2608,180921.2153231506
1148,2609,180921.2153231506
1149,2610,180921.2153231506
1150,2611,180921.2153231506
1151,2612,180921.2153231506
1152,2613,180921.2153231506
1153,2614,180921.2153231506
1154,2615,180921.2153231506
1155,2616,180921.2153231506
1156,2617,180921.2153231506
1157,2618,180921.2153231506
1158,2619,180921.2153231506
1159,2620,180921.2153231506
1160,2621,180921.2153231506
1161,2622,180921.2153231506
1162,2623,180921.2153231506
1163,2624,180921.2153231506
1164,2625,180921.2153231506
1165,2626,180921.2153231506
1166,2627,180921.2153231506
1167,2628,180921.2153231506
1168,2629,180921.2153231506
1169,2630,180921.2153231506
1170,2631,180921.2153231506
1171,2632,180921.2153231506
1172,2633,180921.2153231506
1173,2634,180921.2153231506
1174,2635,180921.2153231506
1175,2636,180921.2153231506
1176,2637,180921.2153231506
1177,2638,180921.2153231506
1178,2639,180921.2153231506
1179,2640,180921.2153231506
1180,2641,180921.2153231506
1181,2642,180921.2153231506
1182,2643,180921.2153231506
1183,2644,180921.2153231506
1184,2645,180921.2153231506
1185,2646,180921.2153231506
1186,2647,180921.2153231506
1187,2648,180921.2153231506
1188,2649,180921.2153231506
1189,2650,180921.2153231506
1190,2651,180921.2153231506
1191,2652,180921.2153231506
1192,2653,180921.2153231506
1193,2654,180921.2153231506
1194,2655,180921.2153231506
1195,2656,180921.2153231506
1196,2657,180921.2153231506
1197,2658,180921.2153231506
1198,2659,180921.2153231506
1199,2660,180921.2153231506
1200,2661,180921.2153231506
1201,2662,180921.2153231506
1202,2663,180921.2153231506
1203,2664,180921.2153231506
1204,2665,180921.2153231506
1205,2666,180921.2153231506
1206,2667,180921.2153231506
1207,2668,180921.2153231506
1208,2669,180921.2153231506
1209,2670,180921.2153231506
1210,2671,180921.2153231506
1211,2672,180921.2153231506
1212,2673,180921.2153231506
1213,2674,180921.2153231506
1214,2675,180921.2153231506
1215,2676,180921.2153231506
1216,2677,180921.2153231506
1217,2678,180921.2153231506
1218,2679,180921.2153231506
1219,2680,180921.2153231506
1220,2681,180921.2153231506
1221,2682,180921.2153231506
1222,2683,180921.2153231506
1223,2684,180921.2153231506
1224,2685,180921.2153231506
1225,2686,180921.2153231506
1226,2687,180921.2153231506
1227,2688,180921.2153231506
1228,2689,180921.2153231506
1229,2690,180921.2153231506
1230,2691,180921.2153231506
1231,2692,180921.2153231506
1232,2693,180921.2153231506
1233,2694,180921.2153231506
1234,2695,180921.2153231506
1235,2696,180921.2153231506
1236,2697,180921.2153231506
1237,2698,180921.2153231506
1238,2699,180921.2153231506
1239,2700,180921.2153231506
1240,2701,180921.2153231506
1241,2702,180921.2153231506
1242,2703,180921.2153231506
1243,2704,180921.2153231506
1244,2705,180921.2153231506
1245,2706,180921.2153231506
1246,2707,180921.2153231506
1247,2708,180921.2153231506
1248,2709,180921.2153231506
1249,2710,180921.2153231506
1250,2711,180921.2153231506
1251,2712,180921.2153231506
1252,2713,180921.2153231506
1253,2714,180921.2153231506
1254,2715,180921.2153231506
1255,2716,180921.2153231506
1256,2717,180921.2153231506
1257,2718,180921.2153231506
1258,2719,180921.2153231506
1259,2720,180921.2153231506
1260,2721,180921.2153231506
1261,2722,180921.2153231506
1262,2723,180921.2153231506
1263,2724,180921.2153231506
1264,2725,180921.2153231506
1265,2726,180921.2153231506
1266,2727,180921.2153231506
1267,2728,180921.2153231506
1268,2729,180921.2153231506
1269,2730,180921.2153231506
1270,2731,180921.2153231506
1271,2732,180921.2153231506
1272,2733,180921.2153231506
1273,2734,180921.2153231506
1274,2735,180921.2153231506
1275,2736,180921.2153231506
1276,2737,180921.2153231506
1277,2738,180921.2153231506
1278,2739,180921.2153231506
1279,2740,180921.2153231506
1280,2741,180921.2153231506
1281,2742,180921.2153231506
1282,2743,180921.2153231506
1283,2744,180921.2153231506
1284,2745,180921.2153231506
1285,2746,180921.2153231506
1286,2747,180921.2153231506
1287,2748,180921.2153231506
1288,2749,180921.2153231506
1289,2750,180921.2153231506
1290,2751,180921.2153231506
1291,2752,180921.2153231506
1292,2753,180921.2153231506
1293,2754,180921.2153231506
1294,2755,180921.2153231506
1295,2756,180921.2153231506
1296,2757,180921.2153231506
1297,2758,180921.2153231506
1298,2759,180921.2153231506
1299,2760,180921.2153231506
1300,2761,180921.2153231506
1301,2762,180921.2153231506
1302,2763,180921.2153231506
1303,2764,180921.2153231506
1304,2765,180921.2153231506
1305,2766,180921.2153231506
1306,2767,180921.2153231506
1307,2768,180921.2153231506
1308,2769,180921.2153231506
1309,2770,180921.2153231506
1310,2771,180921.2153231506
1311,2772,180921.2153231506
1312,2773,180921.2153231506
1313,2774,180921.2153231506
1314,2775,180921.2153231506
1315,2776,180921.2153231506
1316,2777,180921.2153231506
1317,2778,180921.2153231506
1318,2779,180921.2153231506
1319,2780,180921.2153231506
1320,2781,180921.2153231506
1321,2782,180921.2153231506
1322,2783,180921.2153231506
1323,2784,180921.2153231506
1324,2785,180921.2153231506
1325,2786,180921.2153231506
1326,2787,180921.2153231506
1327,2788,180921.2153231506
1328,2789,180921.2153231506
1329,2790,180921.2153231506
1330,2791,180921.2153231506
1331,2792,180921.2153231506
1332,2793,180921.2153231506
1333,2794,180921.2153231506
1334,2795,180921.2153231506
1335,2796,180921.2153231506
1336,2797,180921.2153231506
1337,2798,180921.2153231506
1338,2799,180921.2153231506
1339,2800,180921.2153231506
1340,2801,180921.2153231506
1341,2802,180921.2153231506
1342,2803,180921.2153231506
1343,2804,180921.2153231506
1344,2805,180921.2153231506
1345,2806,180921.2153231506
1346,2807,180921.2153231506
1347,2808,180921.2153231506
1348,2809,180921.2153231506
1349,2810,180921.2153231506
1350,2811,180921.2153231506
1351,2812,180921.2153231506
1352,2813,180921.2153231506
1353,2814,180921.2153231506
1354,2815,180921.2153231506
1355,2816,180921.2153231506
1356,2817,180921.2153231506
1357,2818,180921.2153231506
1358,2819,180921.2153231506
1359,2820,180921.2153231506
1360,2821,180921.2153231506
1361,2822,180921.2153231506
1362,2823,180921.2153231506
1363,2824,180921.2153231506
1364,2825,180921.2153231506
1365,2826,180921.2153231506
1366,2827,180921.2153231506
1367,2828,180921.2153231506
1368,2829,180921.2153231506
1369,2830,180921.2153231506
1370,2831,180921.2153231506
1371,2832,180921.2153231506
1372,2833,180921.2153231506
1373,2834,180921.2153231506
1374,2835,180921.2153231506
1375,2836,180921.2153231506
1376,2837,180921.2153231506
1377,2838,180921.2153231506
1378,2839,180921.2153231506
1379,2840,180921.2153231506
1380,2841,180921.2153231506
1381,2842,180921.2153231506
1382,2843,180921.2153231506
1383,2844,180921.2153231506
1384,2845,180921.2153231506
1385,2846,180921.2153231506
1386,2847,180921.2153231506
1387,2848,180921.2153231506
1388,2849,180921.2153231506
1389,2850,180921.2153231506
1390,2851,180921.2153231506
1391,2852,180921.2153231506
1392,2853,180921.2153231506
1393,2854,180921.2153231506
1394,2855,180921.2153231506
1395,2856,180921.2153231506
1396,2857,180921.2153231506
1397,2858,180921.2153231506
1398,2859,180921.2153231506
1399,2860,180921.2153231506
1400,2861,180921.2153231506
1401,2862,180921.2153231506
1402,2863,180921.2153231506
1403,2864,180921.2153231506
1404,2865,180921.2153231506
1405,2866,180921.2153231506
1406,2867,180921.2153231506
1407,2868,180921.2153231506
1408,2869,180921.2153231506
1409,2870,180921.2153231506
1410,2871,180921.2153231506
1411,2872,180921.2153231506
1412,2873,180921.2153231506
1413,2874,180921.2153231506
1414,2875,180921.2153231506
1415,2876,180921.2153231506
1416,2877,180921.2153231506
1417,2878,180921.2153231506
1418,2879,180921.2153231506
1419,2880,180921.2153231506
1420,2881,180921.2153231506
1421,2882,180921.2153231506
1422,2883,180921.2153231506
1423,2884,180921.2153231506
1424,2885,180921.2153231506
1425,2886,180921.2153231506
1426,2887,180921.2153231506
1427,2888,180921.2153231506
1428,2889,180921.2153231506
1429,2890,180921.2153231506
1430,2891,180921.2153231506
1431,2892,180921.2153231506
1432,2893,180921.2153231506
1433,2894,180921.2153231506
1434,2895,180921.2153231506
1435,2896,180921.2153231506
1436,2897,180921.2153231506
1437,2898,180921.2153231506
1438,2899,180921.2153231506
1439,2900,180921.2153231506
1440,2901,180921.2153231506
1441,2902,180921.2153231506
1442,2903,180921.2153231506
1443,2904,180921.2153231506
1444,2905,180921.2153231506
1445,2906,180921.2153231506
1446,2907,180921.2153231506
1447,2908,180921.2153231506
1448,2909,180921.2153231506
1449,2910,180921.2153231506
1450,2911,180921.2153231506
1451,2912,180921.2153231506
1452,2913,180921.2153231506
1453,2914,180921.2153231506
1454,2915,180921.2153231506
1455,2916,180921.2153231506
1456,2917,180921.2153231506
1457,2918,180921.2153231506
1458,2919,180921.2153231506
